Artikelnummer,Beschreibung,Farbe,EAN,VPE,Status
050250,florafol® Gitterfolie   2 x 50 m,transparent,4250574110254,20 Ro. pro Palette,1
050325,florafolÂ® Gitterfolie   3 x 25 m,transparent,4250574110261,25 Ro. pro Palette,1
050425,florafolÂ® Gitterfolie   4 x 25 m,transparent,4250574110278,25 Ro. pro Palette,1
051550,"florafolÂ® Gitterfolie 1,5 x 50 m",transparent,4250574110285,20 Ro. pro Palette,1
211025G,"caretecÂ® Sichtschutzgewebe 1,0 x 25 m",grÃ¼n,4250574101351,Unknown,1
211050G,"caretecÂ® Sichtschutzgewebe 1,0 x 50 m",grÃ¼n,4250574101368,Unknown,2
211225G,"caretecÂ® Sichtschutzgewebe 1,2 x 25 m",grÃ¼n,4250574101375,Unknown,1
211250G,"caretecÂ® Sichtschutzgewebe 1,2 x 50 m",grÃ¼n,4250574101382,Unknown,1
211525G,"caretecÂ® Sichtschutzgewebe 1,5 x 25 m",grÃ¼n,4250574101399,Unknown,1
211550G,"caretecÂ® Sichtschutzgewebe 1,5 x 50 m",grÃ¼n,4250574101405,Unknown,1
211825G,"caretecÂ® Sichtschutzgewebe 1,8 x 25 m",grÃ¼n,4250574101412,Unknown,1
211850G,"caretecÂ® Sichtschutzgewebe 1,8 x 50 m",grÃ¼n,4250574101429,Unknown,1
212025G,"caretecÂ® Sichtschutzgewebe 2,0 x 25 m",grÃ¼n,4250574101436,Unknown,1
212050G,"caretecÂ® Sichtschutzgewebe 2,0 x 50 m",grÃ¼n,4250574101443,Unknown,1
213050G,"caretecÂ® Sichtschutzgewebe 3,0 x 50 m",grÃ¼n,4250574101450,Unknown,1
22050100,"florinotexÂ®  0,50 x 100 m",schwarz,4250574102631,30 Ro. pro Palette,1
22075100,"florinotexÂ®  0,75 x 100 m",schwarz,4250574101580,30 Ro. pro Palette,3
22075500,"florinotexÂ®  0,75 x 500 m",schwarz,Unknown,8 Ro. pro Palette,3
22100100,"florinotexÂ®  1,00 x 100 m",schwarz,4250574101511,30 Ro. pro Palette,1
22105100,"florinotexÂ®  1,05 x 100 m",schwarz,4250574101528,30 Ro. pro Palette,2
22125100,"florinotexÂ®  1,25 x 100 m",schwarz,4250574101610,25 Ro. pro Palette,1
22130100,"florinotexÂ®  1,30 x 100 m",schwarz,4250574101627,25 Ro. pro Palette,3
22140100,"florinotexÂ®  1,40 x 100 m",schwarz,4250574102563,25 Ro. pro Palette,1
22150100,"florinotexÂ®  1,50 x 100 m",schwarz,4250574101634,25 Ro. pro Palette,2
22165100,"florinotexÂ®  1,65 x 100 m",schwarz,4250574101641,25 Ro. pro Palette,1
22200100,"florinotexÂ®  2,00 x 100 m",schwarz,4250574101535,25 Ro. pro Palette,2
22210100,"florinotexÂ®  2,10 x 100 m",schwarz,4250574101658,25 Ro. pro Palette,1
22250100,"florinotexÂ®  2,50 x 100 m",schwarz,4250574101665,25 Ro. pro Palette,1
4011,PolyTarpÂ® 160  Bauzaunplane grÃ¼n,grÃ¼n,4250574101245,20 StÃ¼ck pro Karton,1
4012,PolyTarpÂ® 160  Bauzaunplane schwarz,schwarz,4250574109401,20 StÃ¼ck pro Karton,1
4013,PolyTarpÂ® 160  Bauzaunplane weiÃŸ,weiÃŸ,4250574101269,20 StÃ¼ck pro Karton,1
4014,PolyTarpÂ® 160  Bauzaunplane blau,blau,4250574110100,20 StÃ¼ck pro Karton,3
410203,PolyTarpÂ® 280  -  2 x 3 m,grÃ¼n,4250574100040,17 StÃ¼ck pro Karton,1
410304,PolyTarpÂ® 280  -  3 x 4 m,grÃ¼n,4250574100057,8 StÃ¼ck pro Karton,1
410305,PolyTarpÂ® 280  -  3 x 5 m,grÃ¼n,4250574100064,6 StÃ¼ck pro Karton,1
410306,PolyTarpÂ® 280  -  3 x 6 m,grÃ¼n,4250574100071,5 StÃ¼ck pro Karton,1
410405,PolyTarpÂ® 280  -  4 x 5 m,grÃ¼n,4250574100095,5 StÃ¼ck pro Karton,1
410406,PolyTarpÂ® 280  -  4 x 6 m,grÃ¼n,4250574100101,4 StÃ¼ck pro Karton,1
410407,PolyTarpÂ® 280  -  4 x 7 m,grÃ¼n,4250574100118,3 StÃ¼ck pro Karton,1
410408,PolyTarpÂ® 280  -  4 x 8 m,grÃ¼n,4250574100125,3 StÃ¼ck pro Karton,1
410506,PolyTarpÂ® 280  -  5 x 6 m,grÃ¼n,4250574100132,3 StÃ¼ck pro Karton,1
410507,PolyTarpÂ® 280  -  5 x 7 m,grÃ¼n,4250574100149,2 StÃ¼ck pro Karton,1
410508,PolyTarpÂ® 280  -  5 x 8 m,grÃ¼n,4250574100156,2 StÃ¼ck pro Karton,1
410608,PolyTarpÂ® 280  -  6 x 8 m,grÃ¼n,4250574100170,2 StÃ¼ck pro Karton,1
410610,PolyTarpÂ® 280  -  6 x 10 m,grÃ¼n,4250574100187,1 StÃ¼ck pro Karton,1
410612,PolyTarpÂ® 280  -  6 x 12 m,grÃ¼n,4250574101900,1 StÃ¼ck pro Karton,1
410810,PolyTarpÂ® 280  -  8 x 10 m,grÃ¼n,4250574100194,1 StÃ¼ck pro Karton,1
410812,PolyTarpÂ® 280  -  8 x 12 m,grÃ¼n,4250574100200,1 StÃ¼ck pro Karton,1
410815,PolyTarpÂ® 280  -  8 x 15 m,grÃ¼n,4250574100217,1 StÃ¼ck pro Karton,1
411010,PolyTarpÂ® 280  -  10 x 10 m,grÃ¼n,4250574101917,1 StÃ¼ck pro Karton,1
411012,PolyTarpÂ® 280  -  10 x 12 m,grÃ¼n,4250574100224,1 StÃ¼ck pro Karton,1
411015,PolyTarpÂ® 280  -  10 x 15 m,grÃ¼n,4250574100231,1 StÃ¼ck pro Karton,1
413506,"PolyTarpÂ® 280  -  3,5 x 6 m",grÃ¼n,4250574100248,4 StÃ¼ck pro Karton,1
420203,PolyTarpÂ® 650  -  2 x 3 m,grÃ¼n,4250574100262,7 StÃ¼ck pro Ballen,1
420304,PolyTarpÂ® 650  -  3 x 4 m,grÃ¼n,4250574100286,3 StÃ¼ck pro Ballen,1
420305,PolyTarpÂ® 650  -  3 x 5 m,grÃ¼n,4250574100293,3 StÃ¼ck pro Ballen,1
420306,PolyTarpÂ® 650  -  3 x 6 m,grÃ¼n,4250574100309,2 StÃ¼ck pro Ballen,1
420355,"PolyTarpÂ® 650  -  3 x 5,5 m",grÃ¼n,4250574100323,2 StÃ¼ck pro Ballen,1
420405,PolyTarpÂ® 650  -  4 x 5 m,grÃ¼n,4250574100330,2 StÃ¼ck pro Ballen,1
420406,PolyTarpÂ® 650  -  4 x 6 m,grÃ¼n,4250574100347,1 StÃ¼ck pro Ballen,1
420407,PolyTarpÂ® 650  -  4 x 7 m,grÃ¼n,4250574100354,1 StÃ¼ck pro Ballen,1
420408,PolyTarpÂ® 650  -  4 x 8 m,grÃ¼n,4250574100361,1 StÃ¼ck pro Ballen,1
420506,PolyTarpÂ® 650  -  5 x 6 m,grÃ¼n,4250574100378,1 StÃ¼ck pro Ballen,1
420507,PolyTarpÂ® 650  -  5 x 7 m,grÃ¼n,4250574100385,1 StÃ¼ck pro Ballen,1
420508,PolyTarpÂ® 650  -  5 x 8 m,grÃ¼n,4250574100392,1 StÃ¼ck pro Ballen,1
420509,PolyTarpÂ® 650  -  5 x 9 m,grÃ¼n,4250574100408,1 StÃ¼ck pro Ballen,1
420608,PolyTarpÂ® 650  -  6 x 8 m,grÃ¼n,4250574100415,1 StÃ¼ck pro Ballen,1
420610,PolyTarpÂ® 650  -  6 x 10 m,grÃ¼n,4250574100422,1 StÃ¼ck pro Ballen,1
420612,PolyTarpÂ® 650  -  6 x 12 m,grÃ¼n,4250574100439,1 StÃ¼ck pro Ballen,1
420810,PolyTarpÂ® 650  -  8 x 10 m,grÃ¼n,4250574100446,1 StÃ¼ck pro Ballen,1
420812,PolyTarpÂ® 650  -  8 x 12 m,grÃ¼n,4250574100453,1 StÃ¼ck pro Ballen,1
421012,PolyTarpÂ® 650  -  10 x 12 m,grÃ¼n,4250574100460,1 StÃ¼ck pro Ballen,1
421506,"PolyTarpÂ® 650  -  1,5 x 6 m",grÃ¼n,4250574100477,5 StÃ¼ck pro Ballen,1
421510,"PolyTarpÂ® 650  -  1,5 x 10 m",grÃ¼n,4250574100484,2 StÃ¼ck pro Ballen,1
421520,"PolyTarpÂ® 650  -  1,5 x 20 m",grÃ¼n,4250574100491,1 StÃ¼ck pro Ballen,1
421550,"PolyTarpÂ® 650  -  1,5 x 50 m",grÃ¼n,Unknown,1 StÃ¼ck pro Ballen,1
422506,"PolyTarpÂ® 650  -  2,5 x 6 m",grÃ¼n,4250574101740,3 StÃ¼ck pro Ballen,1
422535,"PolyTarpÂ® 650  -  2,5 x 3,5 m",grÃ¼n,4250574100521,5 StÃ¼ck pro Ballen,1
422545,"PolyTarpÂ® 650  -  2,5 x 4,5 m",grÃ¼n,4250574100538,4 StÃ¼ck pro Ballen,1
423505,"PolyTarpÂ® 650  - 3,5 x 5 m",grÃ¼n,4250574102587,2 StÃ¼ck pro Ballen,1
423506,"PolyTarpÂ® 650  - 3,5 x 6 m",grÃ¼n,4250574100545,2 StÃ¼ck pro Ballen,2
423507,"PolyTarpÂ® 650  - 3,5 x 7 m",grÃ¼n,4250574100552,1 StÃ¼ck pro Ballen,1
423508,"PolyTarpÂ® 650  - 3,5 x 8 m",grÃ¼n,4250574100569,1 StÃ¼ck pro Ballen,2
430200,PolyTarpÂ® 210 -  2m rund,grÃ¼n,4250574127504,20 StÃ¼ck pro Karton,1
430203,PolyTarpÂ® 210  -  2 x 3 m,grÃ¼n,4250574100583,22 StÃ¼ck pro Karton,1
430300,PolyTarpÂ® 210  -  3m rund,grÃ¼n,4250574102600,20 StÃ¼ck pro Karton,1
430304,PolyTarpÂ® 210  -  3 x 4 m,grÃ¼n,4250574100590,11 StÃ¼ck pro Karton,1
430305,PolyTarpÂ® 210  -  3 x 5 m,grÃ¼n,4250574100606,8 StÃ¼ck pro Karton,1
430306,PolyTarpÂ® 210  -  3 x 6 m,grÃ¼n,4250574100613,7 StÃ¼ck pro Karton,1
430400,PolyTarpÂ® 210  -  4m rund,grÃ¼n,4250574102617,11 StÃ¼ck pro Karton,1
430405,PolyTarpÂ® 210  -  4 x 5 m,grÃ¼n,4250574100637,6 StÃ¼ck pro Karton,1
430406,PolyTarpÂ® 210  -  4 x 6 m,grÃ¼n,4250574100644,5 StÃ¼ck pro Karton,1
430407,PolyTarpÂ® 210  -  4 x 7 m,grÃ¼n,4250574100651,4 StÃ¼ck pro Karton,1
430408,PolyTarpÂ® 210  -  4 x 8 m,grÃ¼n,4250574100668,4 StÃ¼ck pro Karton,1
430500,PolyTarpÂ® 210  -  5m rund,grÃ¼n,4250574102624,7 StÃ¼ck pro Karton,1
430506,PolyTarpÂ® 210  -  5 x 6 m,grÃ¼n,4250574100675,4 StÃ¼ck pro Karton,1
430508,PolyTarpÂ® 210  -  5 x 8 m,grÃ¼n,4250574100682,3 StÃ¼ck pro Karton,1
430608,PolyTarpÂ® 210  -  6 x 8 m,grÃ¼n,4250574100699,2 StÃ¼ck pro Karton,1
430610,PolyTarpÂ® 210  -  6 x 10 m,grÃ¼n,4250574100705,2 StÃ¼ck pro Karton,1
430612,PolyTarpÂ® 210  -  6 x 12 m,grÃ¼n,4250574100712,1 StÃ¼ck pro Karton,1
430810,PolyTarpÂ® 210  -  8 x 10 m,grÃ¼n,4250574100729,1 StÃ¼ck pro Karton,1
430812,PolyTarpÂ® 210  -  8 x 12 m,grÃ¼n,4250574100736,1 StÃ¼ck pro Karton,1
430814,PolyTarpÂ® 210  -  8 x 14 m,grÃ¼n,4250574100743,1 StÃ¼ck pro Karton,1
431012,PolyTarpÂ® 210  - 10 x 12 m,grÃ¼n,4250574100750,1 StÃ¼ck pro Karton,1
431016,PolyTarpÂ® 210  - 10 x 16 m,grÃ¼n,4250574100774,1 StÃ¼ck pro Karton,1
431020,PolyTarpÂ® 210  - 10 x 20 m,grÃ¼n,4250574100781,1 StÃ¼ck pro Karton,1
431506,"PolyTarpÂ® 210  - 1,5 x 6 m",grÃ¼n,4250574101283,14 StÃ¼ck pro Karton,1
431510,"PolyTarpÂ® 210  - 1,5 x 10 m",grÃ¼n,4250574100798,8 StÃ¼ck pro Karton,1
432510,"PolyTarpÂ® 210  - 2,5 x 10 m",grÃ¼n,4250574100804,5 StÃ¼ck pro Karton,1
440203,PolyTarpÂ® 280  -  2 x 3 m,weiÃŸ,4250574101979,17 StÃ¼ck pro Karton,1
440304,PolyTarpÂ® 280  -  3 x 4 m,weiÃŸ,4250574101986,8 StÃ¼ck pro Karton,1
440305,PolyTarpÂ® 280  -  3 x 5 m,weiÃŸ,4250574101993,6 StÃ¼ck pro Karton,1
440306,PolyTarpÂ® 280  -  3 x 6 m,weiÃŸ,4250574102006,5 StÃ¼ck pro Karton,1
440405,PolyTarpÂ® 280  -  4 x 5 m,weiÃŸ,4250574102013,5 StÃ¼ck pro Karton,1
440406,PolyTarpÂ® 280  -  4 x 6 m,weiÃŸ,4250574102020,4 StÃ¼ck pro Karton,1
440407,PolyTarpÂ® 280  -  4 x 7 m,weiÃŸ,4250574102860,3 StÃ¼ck pro Karton,1
440408,PolyTarpÂ® 280  -  4 x 8 m,weiÃŸ,4250574102037,3 StÃ¼ck pro Karton,1
440506,PolyTarpÂ® 280  -  5 x 6 m,weiÃŸ,4250574102044,3 StÃ¼ck pro Karton,1
440507,PolyTarpÂ® 280  -  5 x 7 m,weiÃŸ,4250574102051,2 StÃ¼ck pro Karton,1
440508,PolyTarpÂ® 280  -  5 x 8 m,weiÃŸ,4250574102068,2 StÃ¼ck pro Karton,1
440608,PolyTarpÂ® 280  -  6 x 8 m,weiÃŸ,4250574102075,2 StÃ¼ck pro Karton,1
440610,PolyTarpÂ® 280  -  6 x 10 m,weiÃŸ,4250574102082,1 StÃ¼ck pro Karton,1
440810,PolyTarpÂ® 280  -  8 x 10 m,weiÃŸ,4250574102105,1 StÃ¼ck pro Karton,1
440812,PolyTarpÂ® 280  -  8 x 12 m,weiÃŸ,4250574102112,1 StÃ¼ck pro Karton,1
440814,PolyTarpÂ® 280  -  8 x 14 m,weiÃŸ,4250574102181,1 StÃ¼ck pro Karton,1
441010,PolyTarpÂ® 280  - 10 x 10 m,weiÃŸ,4250574102129,1 StÃ¼ck pro Karton,3
441012,PolyTarpÂ® 280  - 10 x 12 m,weiÃŸ,4250574102136,1 StÃ¼ck pro Karton,1
441015,PolyTarpÂ® 280  - 10 x 15 m,weiÃŸ,4250574102921,1 StÃ¼ck pro Karton,1
450203,PolyTarpÂ® 200  - 2 x 3 m,transluzent,4250574100842,25 StÃ¼ck pro Karton,1
450304,PolyTarpÂ® 200  - 3 x 4 m,transluzent,4250574100859,12 StÃ¼ck pro Karton,1
450305,PolyTarpÂ® 200  - 3 x 5 m,transluzent,4250574100866,8 StÃ¼ck pro Karton,2
450306,PolyTarpÂ® 200  - 3 x 6 m,transluzent,4250574100873,8 StÃ¼ck pro Karton,1
450405,PolyTarpÂ® 200  - 4 x 5 m,transluzent,4250574100897,6 StÃ¼ck pro Karton,1
450406,PolyTarpÂ® 200  - 4 x 6 m,transluzent,4250574100903,6 StÃ¼ck pro Karton,1
450407,PolyTarpÂ® 200  - 4 x 7 m,transluzent,4250574100910,5 StÃ¼ck pro Karton,1
450408,PolyTarpÂ® 200  - 4 x 8 m,transluzent,4250574100927,4 StÃ¼ck pro Karton,1
450506,PolyTarpÂ® 200  - 5 x 6 m,transluzent,4250574100934,4 StÃ¼ck pro Karton,1
450508,PolyTarpÂ® 200  - 5 x 8 m,transluzent,4250574100958,3 StÃ¼ck pro Karton,1
450608,PolyTarpÂ® 200  - 6 x 8 m,transluzent,4250574100972,3 StÃ¼ck pro Karton,1
450610,PolyTarpÂ® 200  - 6 x 10 m,transluzent,4250574100989,2 StÃ¼ck pro Karton,1
450612,PolyTarpÂ® 200  - 6 x 12 m,transluzent,4250574100996,2 StÃ¼ck pro Karton,1
450810,PolyTarpÂ® 200  - 8 x 10 m,transluzent,4250574101009,2 StÃ¼ck pro Karton,1
450812,PolyTarpÂ® 200  - 8 x 12 m,transluzent,4250574101016,1 StÃ¼ck pro Karton,1
451012,PolyTarpÂ® 200  - 10 x 12 m,transluzent,4250574101030,1 StÃ¼ck pro Karton,1
451016,PolyTarpÂ® 200  - 10 x 16 m,transluzent,4250574101047,1 StÃ¼ck pro Karton,1
460203,PolyTarpÂ® 650  - 2 x 3 m,grau,4250574103294,7 StÃ¼ck pro Ballen,1
460250,PolyTarpÂ® 650  - 2 x 50 m,grau,4250574103522,Unknown,3
460304,PolyTarpÂ® 650  - 3 x 4 m,grau,4250574103300,3 StÃ¼ck pro Ballen,1
460305,PolyTarpÂ® 650  - 3 x 5 m,grau,4250574103317,3 StÃ¼ck pro Ballen,1
460306,PolyTarpÂ® 650  - 3 x 6 m,grau,4250574103324,2 StÃ¼ck pro Ballen,1
460405,PolyTarpÂ® 650  - 4 x 5 m,grau,4250574103331,2 StÃ¼ck pro Ballen,1
460406,PolyTarpÂ® 650  - 4 x 6 m,grau,4250574103348,1 StÃ¼ck pro Ballen,1
460407,PolyTarpÂ® 650  - 4 x 7 m,grau,4250574104109,1 StÃ¼ck pro Ballen,1
460408,PolyTarpÂ® 650  - 4 x 8 m,grau,4250574103355,1 StÃ¼ck pro Ballen,1
460506,PolyTarpÂ® 650  - 5 x 6 m,grau,4250574103362,1 StÃ¼ck pro Ballen,1
460507,PolyTarpÂ® 650  - 5 x 7 m,grau,4250574104093,1 StÃ¼ck pro Ballen,1
460508,PolyTarpÂ® 650  - 5 x 8 m,grau,4250574103379,1 StÃ¼ck pro Ballen,1
460608,PolyTarpÂ® 650  - 6 x 8 m,grau,4250574103447,1 StÃ¼ck pro Ballen,1
460610,PolyTarpÂ® 650  - 6 x 10 m,grau,4250574103386,1 StÃ¼ck pro Ballen,1
460810,PolyTarpÂ® 650  - 8 x 10 m,grau,4250574103393,1 StÃ¼ck pro Ballen,2
461012,PolyTarpÂ® 650  - 10 x 12 m,grau,4250574103416,1 StÃ¼ck pro Ballen,3
463506,"PolyTarpÂ® 650  - 3,5 x 6 m",grau,4250574103430,2 StÃ¼ck pro Ballen,1
470203,PolyTarpÂ® 650  -  2 x 3 m,blau,4250574101061,7 StÃ¼ck pro Ballen,1
470250,PolyTarpÂ® 650  -  2 x 50 m,blau,4250574103508,Unknown,1
470304,PolyTarpÂ® 650  -  3 x 4 m,blau,4250574101078,3 StÃ¼ck pro Ballen,1
470305,PolyTarpÂ® 650  -  3 x 5 m,blau,4250574101085,3 StÃ¼ck pro Ballen,1
470306,PolyTarpÂ® 650  -  3 x 6 m,blau,4250574101092,2 StÃ¼ck pro Ballen,1
470405,PolyTarpÂ® 650  -  4 x 5 m,blau,4250574101108,2 StÃ¼ck pro Ballen,1
470406,PolyTarpÂ® 650  -  4 x 6 m,blau,4250574101115,1 StÃ¼ck pro Ballen,1
470407,PolyTarpÂ® 650  -  4 x 7 m,blau,4250574101122,1 StÃ¼ck pro Ballen,1
470408,PolyTarpÂ® 650  -  4 x 8 m,blau,4250574101139,1 StÃ¼ck pro Ballen,1
470506,PolyTarpÂ® 650  -  5 x 6 m,blau,4250574101146,1 StÃ¼ck pro Ballen,1
470508,PolyTarpÂ® 650  -  5 x 8 m,blau,4250574101153,1 StÃ¼ck pro Ballen,1
470509,PolyTarpÂ® 650  -  5 x 9 m,blau,4250574101160,1 StÃ¼ck pro Ballen,1
470610,PolyTarpÂ® 650  -  6 x 10 m,blau,4250574101177,1 StÃ¼ck pro Ballen,1
470612,PolyTarpÂ® 650  -  6 x 12 m,blau,4250574103935,1 StÃ¼ck pro Ballen,1
470810,PolyTarpÂ® 650  -  8 x 10 m,blau,4250574101184,1 StÃ¼ck pro Ballen,1
480203,PolyTarpÂ® 280  -  2 x 3 m,grau,4250574101764,17 StÃ¼ck pro Karton,1
480304,PolyTarpÂ® 280  -  3 x 4 m,grau,4250574101771,8 StÃ¼ck pro Karton,1
480305,PolyTarpÂ® 280  -  3 x 5 m,grau,4250574102570,6 StÃ¼ck pro Karton,1
480306,PolyTarpÂ® 280  -  3 x 6 m,grau,4250574101788,5 StÃ¼ck pro Karton,1
480405,PolyTarpÂ® 280  -  4 x 5 m,grau,4250574101795,5 StÃ¼ck pro Karton,1
480406,PolyTarpÂ® 280  -  4 x 6 m,grau,4250574101801,4 StÃ¼ck pro Karton,1
480408,PolyTarpÂ® 280  -  4 x 8 m,grau,4250574101818,3 StÃ¼ck pro Karton,1
480506,PolyTarpÂ® 280  -  5 x 6 m,grau,4250574101825,3 StÃ¼ck pro Karton,1
480508,PolyTarpÂ® 280  -  5 x 8 m,grau,4250574101832,2 StÃ¼ck pro Karton,1
480608,PolyTarpÂ® 280  -  6 x 8 m,grau,4250574101849,2 StÃ¼ck pro Karton,1
480610,PolyTarpÂ® 280  -  6 x 10 m,grau,4250574101856,1 StÃ¼ck pro Karton,1
480612,PolyTarpÂ® 280  -  6 x 12 m,grau,4250574101863,1 StÃ¼ck pro Karton,1
480810,PolyTarpÂ® 280  -  8 x 10 m,grau,4250574101870,1 StÃ¼ck pro Karton,1
480812,PolyTarpÂ® 280  -  8 x 12 m,grau,4250574101887,1 StÃ¼ck pro Karton,1
481012,PolyTarpÂ® 280  -  10 x 12 m,grau,4250574101894,1 StÃ¼ck pro Karton,1
490203,PolyTarpÂ® 650  - 2 x 3 m,weiÃŸ,4250574102884,7 StÃ¼ck pro Ballen,1
490304,PolyTarpÂ® 650  - 3 x 4 m,weiÃŸ,4250574102891,3 StÃ¼ck pro Ballen,1
490305,PolyTarpÂ® 650  - 3 x 5 m,weiÃŸ,4250574103454,3 StÃ¼ck pro Ballen,1
490306,PolyTarpÂ® 650  - 3 x 6 m,weiÃŸ,4250574103461,2 StÃ¼ck pro Ballen,1
490405,PolyTarpÂ® 650  - 4 x 5 m,weiÃŸ,4250574103478,2 StÃ¼ck pro Ballen,1
490406,PolyTarpÂ® 650  - 4 x 6 m,weiÃŸ,4250574103546,1 StÃ¼ck pro Ballen,1
490407,PolyTarpÂ® 650  - 4 x 7 m,weiÃŸ,4250574104130,1 StÃ¼ck pro Ballen,1
490408,PolyTarpÂ® 650  - 4 x 8 m,weiÃŸ,4250574102907,1 StÃ¼ck pro Ballen,1
490506,PolyTarpÂ® 650  - 5 x 6 m,weiÃŸ,4250574103553,1 StÃ¼ck pro Ballen,1
490507,PolyTarpÂ® 650  - 5 x 7 m,weiÃŸ,4250574104116,1 StÃ¼ck pro Ballen,1
490508,PolyTarpÂ® 650  - 5 x 8 m,weiÃŸ,4250574104147,1 StÃ¼ck pro Ballen,1
490608,PolyTarpÂ® 650  - 6 x 8 m,weiÃŸ,4250574103485,1 StÃ¼ck pro Ballen,1
490610,PolyTarpÂ® 650  - 6 x 10 m,weiÃŸ,4250574102914,1 StÃ¼ck pro Ballen,1
490612,PolyTarpÂ® 650  - 6 x 12 m,weiÃŸ,4250574103492,1 StÃ¼ck pro Ballen,1
7004100,florinotexÂ® Vogelschutznetz grÃ¼n 4 x 100 m,grÃ¼n,4250574122691,1 StÃ¼ck pro Karton,3
700425,florinotexÂ® Vogelschutznetz grÃ¼n 4 x 25 m,grÃ¼n,4250574103560,10 StÃ¼ck pro Karton,1
700450,florinotexÂ® Vogelschutznetz grÃ¼n 4 x 50 m,grÃ¼n,4250574103577,5 StÃ¼ck pro Karton,1
700608,florinotexÂ® Vogelschutznetz grÃ¼n 6 x 8 m,grÃ¼n,4250574102518,15 StÃ¼ck pro Karton,1
700610,florinotexÂ® Vogelschutznetz grÃ¼n 6 x 10 m,grÃ¼n,4250574102525,10 StÃ¼ck pro Karton,1
700625,florinotexÂ® Vogelschutznetz grÃ¼n 6 x 25 m,grÃ¼n,4250574103591,5 StÃ¼ck pro Karton,1
700650,florinotexÂ® Vogelschutznetz grÃ¼n 6 x 50 m,grÃ¼n,4250574103607,2 StÃ¼ck pro Karton,1
700810,florinotexÂ® Vogelschutznetz grÃ¼n 8 x 10 m,grÃ¼n,4250574102532,10 StÃ¼ck pro Karton,1
700825,florinotexÂ® Vogelschutznetz grÃ¼n 8 x 25 m,grÃ¼n,4250574102792,4 StÃ¼ck pro Karton,1
700850,florinotexÂ® Vogelschutznetz grÃ¼n 8 x 50 m,grÃ¼n,4250574102808,2 StÃ¼ck pro Karton,1
701025,florinotexÂ® Vogelschutznetz grÃ¼n 10 x 25 m,grÃ¼n,4250574103638,4 StÃ¼ck pro Karton,1
701050,florinotexÂ® Vogelschutznetz grÃ¼n 10 x 50 m,grÃ¼n,4250574103645,2 StÃ¼ck pro Karton,1
701225,florinotexÂ® Vogelschutznetz grÃ¼n 12 x 25 m,grÃ¼n,4250574103652,2 StÃ¼ck pro Karton,1
701250,florinotexÂ® Vogelschutznetz grÃ¼n 12 x 50 m,grÃ¼n,4250574102822,1 StÃ¼ck pro Karton,1
701450,florinotexÂ® Vogelschutznetz grÃ¼n 14 x 50 m,grÃ¼n,4250574103256,1 StÃ¼ck pro Karton,1
701650,florinotexÂ® Vogelschutznetz grÃ¼n 16 x 50 m,grÃ¼n,4250574103263,1 StÃ¼ck pro Karton,1
751525E,"caretecÂ® Abdecknetz 1,5 x 2,5 m",schwarz,4250574103027,Unknown,3
751725,"caretecÂ® Abdecknetz 1,7 x 2,5 m",schwarz,4250574102938,Unknown,1
752030E,"caretecÂ® Abdecknetz 2,0 x 3,0 m",schwarz,4250574103034,Unknown,1
752530,"caretecÂ® Abdecknetz 2,5 x 3,0 m",schwarz,4250574102945,Unknown,1
752530E,"caretecÂ® Abdecknetz 2,5 x 3,0 m",schwarz,4250574103041,Unknown,1
752535E,"caretecÂ® Abdecknetz 2,5 x 3,5 m",schwarz,4250574103058,Unknown,1
752540,"caretecÂ® Abdecknetz 2,5 x 4,0 m",schwarz,4250574102952,Unknown,1
752550,"caretecÂ® Abdecknetz 2,5 x 5,0 m",schwarz,4250574102969,Unknown,1
752565,"caretecÂ® Abdecknetz 2,5 x 6,5 m",schwarz,4250574102976,Unknown,1
753035E,"caretecÂ® Abdecknetz 3,0 x 3,5 m",schwarz,4250574103065,Unknown,1
753040E,"caretecÂ® Abdecknetz 3,0 x 4,0 m",schwarz,4250574103072,Unknown,1
753545,"caretecÂ® Abdecknetz 3,5 x 4,5 m",schwarz,4250574102983,Unknown,1
753550,"caretecÂ® Abdecknetz 3,5 x 5,0 m",schwarz,4250574102990,Unknown,1
753560,"caretecÂ® Abdecknetz 3,5 x 6,0 m",schwarz,4250574103003,Unknown,1
753580,"caretecÂ® Abdecknetz 3,5 x 8,0 m",schwarz,4250574103010,Unknown,1
76170170,"caretecÂ® Container Abdecknetz 1,70 x 1,70 m",grÃ¼n,4250574103751,20 StÃ¼ck pro Karton,1
76200200,"caretecÂ® Container Abdecknetz 2,00 x 2,00 m",grÃ¼n,4250574103768,20 StÃ¼ck pro Karton,1
76225300,"caretecÂ® Container Abdecknetz 2,25 x 3,00 m",grÃ¼n,4250574103775,115 StÃ¼ck pro Karton,3
76225400,"caretecÂ® Container Abdecknetz 2,25 x 4,00 m",grÃ¼n,4250574103782,90 StÃ¼ck pro Karton,3
76230230,"caretecÂ® Container Abdecknetz 2,30 x 2,30 m",grÃ¼n,4250574103799,20 StÃ¼ck pro Karton,1
76230450,"caretecÂ® Container Abdecknetz 2,30 x 4,50 m",grÃ¼n,4250574103805,80 StÃ¼ck pro Karton,3
76230500,"caretecÂ® Container Abdecknetz 2,30 x 5,00 m",grÃ¼n,4250574103812,65 StÃ¼ck pro Karton,3
76250300,"caretecÂ® Container Abdecknetz 2,50 x 3,00 m",grÃ¼n,4250574117949,100 StÃ¼ck pro Karton,1
76275350,"caretecÂ® Container Abdecknetz 2,75 x 3,50 m",grÃ¼n,4250574103829,85 StÃ¼ck pro Karton,1
76320450,"caretecÂ® Container Abdecknetz 3,20 x 4,50 m",grÃ¼n,4250574103836,55 StÃ¼ck pro Karton,1
76320600,"caretecÂ® Container Abdecknetz 3,20 x 6,00 m",grÃ¼n,4250574103843,40 StÃ¼ck pro Karton,1
76320700,"caretecÂ® Container Abdecknetz 3,20 x 7,00 m",grÃ¼n,4250574103850,35 StÃ¼ck pro Karton,1
76320750,"caretecÂ® Container Abdecknetz 3,20 x 7,50 m",grÃ¼n,4250574103867,33 StÃ¼ck pro Karton,2
76320800,"caretecÂ® Container Abdecknetz 3,20 x 8,00 m",grÃ¼n,4250574103874,32 StÃ¼ck pro Karton,1
76350500,"caretecÂ® Container Abdecknetz 3,50 x 5,00 m",grÃ¼n,4250574103881,45 StÃ¼ck pro Karton,1
76350600,"caretecÂ® Container Abdecknetz 3,50 x 6,00 m",grÃ¼n,4250574103898,35 StÃ¼ck pro Karton,3
76350700,"caretecÂ® Container Abdecknetz 3,50 x 7,00 m",grÃ¼n,4250574103904,30 StÃ¼ck pro Karton,1
76350800,"caretecÂ® Container Abdecknetz 3,50 x 8,00 m",grÃ¼n,4250574103911,28 StÃ¼ck pro Karton,1
""
""
""
